{"product-sidebar":{"block-5":{"content":"<!-- wp:group --><div class=\"wp-block-group\"><!-- wp:heading --><h2>Archives<\/h2><!-- \/wp:heading --><!-- wp:archives \/--><\/div><!-- \/wp:group -->"},"block-6":{"content":"<!-- wp:group --><div class=\"wp-block-group\"><!-- wp:heading --><h2>Categories<\/h2><!-- \/wp:heading --><!-- wp:categories \/--><\/div><!-- \/wp:group -->"}},"blog-sidebar":{"search-2":{"title":""},"tp-latest-posts-2":{"title":"Recent Post","count":"3","posts_order":"DESC"},"categories-2":{"title":"Categories","count":0,"hierarchical":0,"dropdown":0},"tag_cloud-2":{"title":"Tags","count":0,"taxonomy":"post_tag"}},"footer-1":{"custom_html-2":{"title":"","content":"<div class=\"footer__logo\">\r\n   <div class=\"logo\">\r\n      <a href=\"https:\/\/weblearnbd.net\/wp\/eduker\/\">\r\n         <img src=\"https:\/\/weblearnbd.net\/wp\/eduker\/wp-content\/themes\/eduker\/assets\/img\/logo\/logo.png\" alt=\"logo\">\r\n      <\/a>\r\n   <\/div>\r\n<\/div>\r\n<div class=\"footer__widget-content\">\r\n   <div class=\"footer__widget-info\">\r\n      <p>Lorem ipsum dolor sit amet, consectetur adipisc ing elit. Nunc maximus, nulla utlaoki comm odo sagittis.<\/p>\r\n      <div class=\"footer__social\">\r\n         <h4>Follow Us<\/h4>\r\n\r\n         <ul>\r\n            <li><a href=\"#\"><i class=\"fab fa-facebook-f\"><\/i><\/a><\/li>\r\n            <li><a href=\"#\"><i class=\"fab fa-twitter\"><\/i><\/a><\/li>\r\n            <li><a href=\"#\"><i class=\"fab fa-linkedin-in\"><\/i><\/a><\/li>\r\n         <\/ul>\r\n      <\/div>\r\n   <\/div>\r\n<\/div>"}},"footer-2":{"nav_menu-2":{"title":"Explore","nav_menu":22}},"footer-3":{"nav_menu-3":{"title":"Links","nav_menu":23}},"footer-4":{"custom_html-5":{"title":"Sign up for our newsletter","content":"<div class=\"footer__subscribe\">\r\n   <p>Receive weekly newsletter with educational materials, popular books and much more!<\/p>\r\n   <form action=\"#\">\r\n      <div class=\"footer__subscribe-input\">\r\n         <input type=\"text\" placeholder=\"Email\">\r\n         <button type=\"submit\" class=\"tp-btn-subscribe\">Subscribe<\/button>\r\n      <\/div>\r\n   <\/form>\r\n<\/div>"}},"footer-2-1":{"custom_html-3":{"title":"","content":"<div class=\"footer__logo\">\r\n   <div class=\"logo\">\r\n      <a href=\"https:\/\/weblearnbd.net\/wp\/eduker\/\">\r\n         <img src=\"https:\/\/weblearnbd.net\/wp\/eduker\/wp-content\/themes\/eduker\/assets\/img\/logo\/logo.png\" alt=\"logo\">\r\n      <\/a>\r\n   <\/div>\r\n<\/div>\r\n<div class=\"footer__widget-content\">\r\n   <div class=\"footer__widget-info\">\r\n      <p>Lorem ipsum dolor sit amet, consectetur adipisc ing elit. Nunc maximus, nulla utlaoki comm odo sagittis.<\/p>\r\n      <div class=\"footer__social\">\r\n         <h4>Follow Us<\/h4>\r\n\r\n         <ul>\r\n            <li><a href=\"#\"><i class=\"fab fa-facebook-f\"><\/i><\/a><\/li>\r\n            <li><a href=\"#\"><i class=\"fab fa-twitter\"><\/i><\/a><\/li>\r\n            <li><a href=\"#\"><i class=\"fab fa-linkedin-in\"><\/i><\/a><\/li>\r\n         <\/ul>\r\n      <\/div>\r\n   <\/div>\r\n<\/div>"}},"footer-2-2":{"nav_menu-4":{"title":"Explore","nav_menu":22}},"footer-2-3":{"nav_menu-5":{"title":"Links","nav_menu":23}},"footer-2-4":{"custom_html-6":{"title":"Sign up for our newsletter","content":"<div class=\"footer__subscribe\">\r\n   <p>Receive weekly newsletter with educational materials, popular books and much more!<\/p>\r\n   <form action=\"#\">\r\n      <div class=\"footer__subscribe-input\">\r\n         <input type=\"text\" placeholder=\"Email\">\r\n         <button type=\"submit\" class=\"tp-btn-subscribe\">Subscribe<\/button>\r\n      <\/div>\r\n   <\/form>\r\n<\/div>"}},"footer-3-1":{"custom_html-4":{"title":"","content":"<div class=\"footer__logo\">\r\n   <div class=\"logo\">\r\n      <a href=\"https:\/\/weblearnbd.net\/wp\/eduker\/\">\r\n         <img src=\"https:\/\/weblearnbd.net\/wp\/eduker\/wp-content\/themes\/eduker\/assets\/img\/logo\/logo.png\" alt=\"logo\">\r\n      <\/a>\r\n   <\/div> \r\n<\/div>\r\n<div class=\"footer__widget-content\">\r\n   <div class=\"footer__widget-info\">\r\n      <div class=\"footer__subscribe footer__subscribe-3\">\r\n         <p>Educal University does not discriminate on the basis of race, nationa.<\/p>\r\n         <form action=\"#\">\r\n            <div class=\"footer__subscribe-input\">\r\n               <input type=\"text\" placeholder=\"Email\">\r\n               <button type=\"submit\" class=\"tp-btn-subscribe\">Subscribe<\/button>\r\n            <\/div>\r\n         <\/form>\r\n      <\/div>\r\n   <\/div>\r\n<\/div>"}},"footer-3-2":{"nav_menu-6":{"title":"Explore","nav_menu":22}},"footer-3-3":{"nav_menu-7":{"title":"Links","nav_menu":23}},"footer-3-4":{"custom_html-7":{"title":"Information","content":"<div class=\"footer__contact\">\r\n   <ul>\r\n      <li>\r\n         <p>University Offices:<\/p>\r\n         <h4><a href=\"https:\/\/www.google.com\/maps\/place\/%E0%A6%A2%E0%A6%BE%E0%A6%95%E0%A6%BE\/@23.7807777,90.3492857,12z\/data=!3m1!4b1!4m5!3m4!1s0x3755b8b087026b81:0x8fa563bbdd5904c2!8m2!3d23.810332!4d90.4125181\" target=\"_blank\">382 NE 191st  87394 Miami,<\/a><\/h4>\r\n      <\/li>\r\n      <li>\r\n         <p>International:<\/p>\r\n         <h4><a href=\"tel:088-234-567-899\">+(088) 234 567 899<\/a><\/h4>\r\n      <\/li>\r\n      <li>\r\n         <p>International:<\/p>\r\n         <h4><a href=\"mailto:info@educal.com\">info@educal.com<\/a><\/h4>\r\n      <\/li>\r\n   <\/ul>\r\n<\/div>"}},"footer-4-1":{"custom_html-8":{"title":"","content":"<div class=\"footer__logo\">\r\n   <div class=\"logo\">\r\n      <a href=\"https:\/\/weblearnbd.net\/wp\/eduker\/\">\r\n         <img src=\"https:\/\/weblearnbd.net\/wp\/eduker\/wp-content\/themes\/eduker\/assets\/img\/logo\/logo-white.png\" alt=\"logo\">\r\n      <\/a>\r\n   <\/div>\r\n<\/div>\r\n<div class=\"footer__widget-content\">\r\n   <div class=\"footer__widget-info\">\r\n      <p>Lorem ipsum dolor sit amet, consectetur adipisc ing elit. Nunc maximus, nulla utlaoki comm odo sagittis.<\/p>\r\n      <div class=\"footer__social\">\r\n         <h4>Follow Us<\/h4>\r\n\r\n         <ul>\r\n            <li><a href=\"#\"><i class=\"fab fa-facebook-f\"><\/i><\/a><\/li>\r\n            <li><a href=\"#\"><i class=\"fab fa-twitter\"><\/i><\/a><\/li>\r\n            <li><a href=\"#\"><i class=\"fab fa-linkedin-in\"><\/i><\/a><\/li>\r\n         <\/ul>\r\n      <\/div>\r\n   <\/div>\r\n<\/div>"}},"footer-4-2":{"nav_menu-8":{"title":"Explore","nav_menu":22}},"footer-4-3":{"nav_menu-9":{"title":"Links","nav_menu":23}},"footer-4-4":{"custom_html-9":{"title":"Sign up for our newsletter","content":"<div class=\"footer__subscribe\">\r\n   <p>Receive weekly newsletter with educational materials, popular books and much more!<\/p>\r\n   <form action=\"#\">\r\n      <div class=\"footer__subscribe-input\">\r\n         <input type=\"text\" placeholder=\"Email\">\r\n         <button type=\"submit\" class=\"tp-btn-subscribe\">Subscribe<\/button>\r\n      <\/div>\r\n   <\/form>\r\n<\/div>"}}}